{
	"id": 0,
	"cardname": "Hailstone Golem",
	"manacost": 4,
	"miniCard": {
		"cardTextures": [
			"assets/game/extra/cards/card_background.png",
			"assets/game/extra/cards/card_background_highlight.png"
		],
		"animationFrames": [
			"assets/game/extra/units/neutral_golemice/neutral_golemice_run_001.png", "assets/game/extra/units/neutral_golemice/neutral_golemice_run_002.png", "assets/game/extra/units/neutral_golemice/neutral_golemice_run_003.png", "assets/game/extra/units/neutral_golemice/neutral_golemice_run_004.png", "assets/game/extra/units/neutral_golemice/neutral_golemice_run_005.png", "assets/game/extra/units/neutral_golemice/neutral_golemice_run_006.png", "assets/game/extra/units/neutral_golemice/neutral_golemice_run_007.png"
		],
		"fps": 10,
		"index": 0
	},
	"bigCard": {
		"rulesTextRows": [],
		"cardTextures": [
			"assets/game/extra/cards/neutral_unit_h.png"
		],
		"attack": 4,
		"health": 6
	}
}