{
	"id": 0,
	"cardname": "Sundrop Elixir",
	"manacost": 1,
	"miniCard": {
		"cardTextures": [
			"assets/game/extra/cards/card_background.png",
			"assets/game/extra/cards/card_background_highlight.png"
		],
		"animationFrames": [
			"assets/game/extra/cards/minicards/icon_f1_sundropelixir/icon_f1_sundropelixir_000.png",
			"assets/game/extra/cards/minicards/icon_f1_sundropelixir/icon_f1_sundropelixir_001.png",
			"assets/game/extra/cards/minicards/icon_f1_sundropelixir/icon_f1_sundropelixir_002.png",
			"assets/game/extra/cards/minicards/icon_f1_sundropelixir/icon_f1_sundropelixir_003.png"
		],
		"fps": 5,
		"index": 2
	},
	"bigCard": {
		"rulesTextRows": [
			"Add 5 health to a target unit.",
			"This cannot take a unit over",
			"its starting health value."
		],
		"cardTextures": [
			"assets/game/extra/cards/neutral_spell.png"
		],
		"attack": -1,
		"health": -1
	}
}