{
	"id": 0,
	"cardname": "Entropic Decay",
	"manacost": 5,
	"miniCard": {
		"cardTextures": [
			"assets/game/extra/cards/card_background.png",
			"assets/game/extra/cards/card_background_highlight.png"
		],
		"animationFrames": [
			"assets/game/extra/cards/minicards/fx_martyrdom/fx_martyrdom_001.png",
			"assets/game/extra/cards/minicards/fx_martyrdom/fx_martyrdom_002.png",
			"assets/game/extra/cards/minicards/fx_martyrdom/fx_martyrdom_003.png",
			"assets/game/extra/cards/minicards/fx_martyrdom/fx_martyrdom_004.png",
			"assets/game/extra/cards/minicards/fx_martyrdom/fx_martyrdom_005.png",
			"assets/game/extra/cards/minicards/fx_martyrdom/fx_martyrdom_006.png",
			"assets/game/extra/cards/minicards/fx_martyrdom/fx_martyrdom_007.png",
			"assets/game/extra/cards/minicards/fx_martyrdom/fx_martyrdom_008.png",
			"assets/game/extra/cards/minicards/fx_martyrdom/fx_martyrdom_008.png",
			"assets/game/extra/cards/minicards/fx_martyrdom/fx_martyrdom_009.png",
			"assets/game/extra/cards/minicards/fx_martyrdom/fx_martyrdom_010.png",
			"assets/game/extra/cards/minicards/fx_martyrdom/fx_martyrdom_011.png",
			"assets/game/extra/cards/minicards/fx_martyrdom/fx_martyrdom_012.png",
			"assets/game/extra/cards/minicards/fx_martyrdom/fx_martyrdom_013.png",
			"assets/game/extra/cards/minicards/fx_martyrdom/fx_martyrdom_014.png",
			"assets/game/extra/cards/minicards/fx_martyrdom/fx_martyrdom_015.png",
			"assets/game/extra/cards/minicards/fx_martyrdom/fx_martyrdom_016.png",
			"assets/game/extra/cards/minicards/fx_martyrdom/fx_martyrdom_017.png",
			"assets/game/extra/cards/minicards/fx_martyrdom/fx_martyrdom_018.png"
		],
		"fps": 10,
		"index": 18
	},
	"bigCard": {
		"rulesTextRows": [
			"Reduce a non-avatar unit to 0",
			"health"
		],
		"cardTextures": [
			"assets/game/extra/cards/neutral_spell.png"
		],
		"attack": -1,
		"health": -1
	}
}