{
	"id": 0,
	"cardname": "WindShrike",
	"manacost": 4,
	"miniCard": {
		"cardTextures": [
			"assets/game/extra/cards/card_background.png",
			"assets/game/extra/cards/card_background_highlight.png"
		],
		"animationFrames": [
			"assets/game/extra/units/f3_windshriek/f3_windshriek_run_000.png", "assets/game/extra/units/f3_windshriek/f3_windshriek_run_001.png", "assets/game/extra/units/f3_windshriek/f3_windshriek_run_002.png", "assets/game/extra/units/f3_windshriek/f3_windshriek_run_003.png", "assets/game/extra/units/f3_windshriek/f3_windshriek_run_004.png", "assets/game/extra/units/f3_windshriek/f3_windshriek_run_005.png", "assets/game/extra/units/f3_windshriek/f3_windshriek_run_006.png", "assets/game/extra/units/f3_windshriek/f3_windshriek_run_007.png"
		],
		"fps": 10,
		"index": 0
	},
	"bigCard": {
		"rulesTextRows": [
			"Flying, On death: Draw a card"
		],
		"cardTextures": [
			"assets/game/extra/cards/neutral_unit_h.png"
		],
		"attack": 4,
		"health": 3
	}
}