{
	"id": 0,
	"cardname": "Bloodshard Golem",
	"manacost": 3,
	"miniCard": {
		"cardTextures": [
			"assets/game/extra/cards/card_background.png",
			"assets/game/extra/cards/card_background_highlight.png"
		],
		"animationFrames": [
			"assets/game/extra/units/neutral_golembloodshard/neutral_golembloodshard_run_000.png", "assets/game/extra/units/neutral_golembloodshard/neutral_golembloodshard_run_001.png", "assets/game/extra/units/neutral_golembloodshard/neutral_golembloodshard_run_002.png", "assets/game/extra/units/neutral_golembloodshard/neutral_golembloodshard_run_003.png", "assets/game/extra/units/neutral_golembloodshard/neutral_golembloodshard_run_004.png", "assets/game/extra/units/neutral_golembloodshard/neutral_golembloodshard_run_005.png", "assets/game/extra/units/neutral_golembloodshard/neutral_golembloodshard_run_006.png", "assets/game/extra/units/neutral_golembloodshard/neutral_golembloodshard_run_007.png"
		],
		"fps": 10,
		"index": 0
	},
	"bigCard": {
		"rulesTextRows": [],
		"cardTextures": [
			"assets/game/extra/cards/neutral_unit_h.png"
		],
		"attack": 4,
		"health": 3
	}
}