{
	"id": 0,
	"cardname": "Rock Pulveriser",
	"manacost": 2,
	"miniCard": {
		"cardTextures": [
			"assets/game/extra/cards/card_background.png",
			"assets/game/extra/cards/card_background_highlight.png"
		],
		"animationFrames": [
			"assets/game/extra/units/neutral_zyx/neutral_zyx_run_000.png", "assets/game/extra/units/neutral_zyx/neutral_zyx_run_001.png", "assets/game/extra/units/neutral_zyx/neutral_zyx_run_002.png", "assets/game/extra/units/neutral_zyx/neutral_zyx_run_003.png", "assets/game/extra/units/neutral_zyx/neutral_zyx_run_004.png", "assets/game/extra/units/neutral_zyx/neutral_zyx_run_005.png", "assets/game/extra/units/neutral_zyx/neutral_zyx_run_006.png", "assets/game/extra/units/neutral_zyx/neutral_zyx_run_007.png"
		],
		"fps": 10,
		"index": 0
	},
	"bigCard": {
		"rulesTextRows": [
			"Provoke"
		],
		"cardTextures": [
			"assets/game/extra/cards/neutral_unit_h.png"
		],
		"attack": 1,
		"health": 4
	}
}