{  "id" : 0,  "animation" : "idle",  "position" : {    "xpos" : 0,    "ypos" : 0,    "tilex" : 0,    "tiley" : 0  },  "animations" : {    "allFrames" : [ "assets/game/extra/units/f3_general/f3_general_idle_000.png", "assets/game/extra/units/f3_general/f3_general_idle_001.png", "assets/game/extra/units/f3_general/f3_general_idle_002.png", "assets/game/extra/units/f3_general/f3_general_idle_003.png", "assets/game/extra/units/f3_general/f3_general_idle_004.png", "assets/game/extra/units/f3_general/f3_general_idle_005.png", "assets/game/extra/units/f3_general/f3_general_idle_006.png", "assets/game/extra/units/f3_general/f3_general_idle_007.png", "assets/game/extra/units/f3_general/f3_general_idle_008.png", "assets/game/extra/units/f3_general/f3_general_idle_009.png", "assets/game/extra/units/f3_general/f3_general_idle_010.png", "assets/game/extra/units/f3_general/f3_general_idle_011.png", "assets/game/extra/units/f3_general/f3_general_death_000.png", "assets/game/extra/units/f3_general/f3_general_death_001.png", "assets/game/extra/units/f3_general/f3_general_death_002.png", "assets/game/extra/units/f3_general/f3_general_death_003.png", "assets/game/extra/units/f3_general/f3_general_death_004.png", "assets/game/extra/units/f3_general/f3_general_death_005.png", "assets/game/extra/units/f3_general/f3_general_death_006.png", "assets/game/extra/units/f3_general/f3_general_death_007.png", "assets/game/extra/units/f3_general/f3_general_death_008.png", "assets/game/extra/units/f3_general/f3_general_death_009.png", "assets/game/extra/units/f3_general/f3_general_death_010.png", "assets/game/extra/units/f3_general/f3_general_death_011.png", "assets/game/extra/units/f3_general/f3_general_death_012.png", "assets/game/extra/units/f3_general/f3_general_death_013.png", "assets/game/extra/units/f3_general/f3_general_attack_000.png", "assets/game/extra/units/f3_general/f3_general_attack_001.png", "assets/game/extra/units/f3_general/f3_general_attack_002.png", "assets/game/extra/units/f3_general/f3_general_attack_003.png", "assets/game/extra/units/f3_general/f3_general_attack_004.png", "assets/game/extra/units/f3_general/f3_general_attack_005.png", "assets/game/extra/units/f3_general/f3_general_attack_006.png", "assets/game/extra/units/f3_general/f3_general_attack_007.png", "assets/game/extra/units/f3_general/f3_general_attack_008.png", "assets/game/extra/units/f3_general/f3_general_attack_009.png", "assets/game/extra/units/f3_general/f3_general_attack_010.png", "assets/game/extra/units/f3_general/f3_general_run_000.png", "assets/game/extra/units/f3_general/f3_general_run_001.png", "assets/game/extra/units/f3_general/f3_general_run_002.png", "assets/game/extra/units/f3_general/f3_general_run_003.png", "assets/game/extra/units/f3_general/f3_general_run_004.png", "assets/game/extra/units/f3_general/f3_general_run_005.png", "assets/game/extra/units/f3_general/f3_general_run_006.png", "assets/game/extra/units/f3_general/f3_general_run_007.png", "assets/game/extra/units/f3_general/f3_general_castloop_000.png", "assets/game/extra/units/f3_general/f3_general_castloop_001.png", "assets/game/extra/units/f3_general/f3_general_castloop_002.png", "assets/game/extra/units/f3_general/f3_general_castloop_003.png", "assets/game/extra/units/f3_general/f3_general_castloop_004.png", "assets/game/extra/units/f3_general/f3_general_castloop_005.png", "assets/game/extra/units/f3_general/f3_general_hit_000.png", "assets/game/extra/units/f3_general/f3_general_hit_001.png", "assets/game/extra/units/f3_general/f3_general_hit_002.png" ],    "idle" : {      "frameStartEndIndices" : [ 0, 11 ],      "fps" : 8,      "loop" : true    },    "death" : {      "frameStartEndIndices" : [ 12, 25 ],      "fps" : 8,      "loop" : false    },    "attack" : {      "frameStartEndIndices" : [ 26, 36 ],      "fps" : 20,      "loop" : false    },    "move" : {      "frameStartEndIndices" : [ 37, 44 ],      "fps" : 8,      "loop" : true    },    "channel" : {      "frameStartEndIndices" : [ 45, 50 ],      "fps" : 8,      "loop" : true    },    "hit" : {      "frameStartEndIndices" : [ 51, 53 ],      "fps" : 8,      "loop" : false    }  },  "correction" : {    "imgWidth" : 80,    "imgHeight" : 80,	"scale": 1.5,    "offsetX": 0,    "offsetY": 10,    "spriteTopLeftX" : 0,    "spriteTopLeftY" : 0,    "reflected" : true  }}