{  "id" : 0,  "animation" : "idle",  "position" : {    "xpos" : 0,    "ypos" : 0,    "tilex" : 0,    "tiley" : 0  },  "animations" : {    "allFrames" : [ "assets/game/extra/units/f1_3rdgeneral/f1_3rdgeneral_idle_000.png", "assets/game/extra/units/f1_3rdgeneral/f1_3rdgeneral_idle_001.png", "assets/game/extra/units/f1_3rdgeneral/f1_3rdgeneral_idle_002.png", "assets/game/extra/units/f1_3rdgeneral/f1_3rdgeneral_idle_003.png", "assets/game/extra/units/f1_3rdgeneral/f1_3rdgeneral_idle_004.png", "assets/game/extra/units/f1_3rdgeneral/f1_3rdgeneral_idle_005.png", "assets/game/extra/units/f1_3rdgeneral/f1_3rdgeneral_idle_006.png", "assets/game/extra/units/f1_3rdgeneral/f1_3rdgeneral_idle_007.png", "assets/game/extra/units/f1_3rdgeneral/f1_3rdgeneral_idle_008.png", "assets/game/extra/units/f1_3rdgeneral/f1_3rdgeneral_idle_009.png", "assets/game/extra/units/f1_3rdgeneral/f1_3rdgeneral_idle_010.png", "assets/game/extra/units/f1_3rdgeneral/f1_3rdgeneral_idle_011.png", "assets/game/extra/units/f1_3rdgeneral/f1_3rdgeneral_idle_012.png", "assets/game/extra/units/f1_3rdgeneral/f1_3rdgeneral_idle_013.png", "assets/game/extra/units/f1_3rdgeneral/f1_3rdgeneral_idle_014.png", "assets/game/extra/units/f1_3rdgeneral/f1_3rdgeneral_idle_015.png", "assets/game/extra/units/f1_3rdgeneral/f1_3rdgeneral_death_000.png", "assets/game/extra/units/f1_3rdgeneral/f1_3rdgeneral_death_001.png", "assets/game/extra/units/f1_3rdgeneral/f1_3rdgeneral_death_002.png", "assets/game/extra/units/f1_3rdgeneral/f1_3rdgeneral_death_003.png", "assets/game/extra/units/f1_3rdgeneral/f1_3rdgeneral_death_004.png", "assets/game/extra/units/f1_3rdgeneral/f1_3rdgeneral_death_005.png", "assets/game/extra/units/f1_3rdgeneral/f1_3rdgeneral_death_006.png", "assets/game/extra/units/f1_3rdgeneral/f1_3rdgeneral_death_007.png", "assets/game/extra/units/f1_3rdgeneral/f1_3rdgeneral_death_008.png", "assets/game/extra/units/f1_3rdgeneral/f1_3rdgeneral_death_009.png", "assets/game/extra/units/f1_3rdgeneral/f1_3rdgeneral_death_010.png", "assets/game/extra/units/f1_3rdgeneral/f1_3rdgeneral_death_011.png", "assets/game/extra/units/f1_3rdgeneral/f1_3rdgeneral_attack_000.png", "assets/game/extra/units/f1_3rdgeneral/f1_3rdgeneral_attack_001.png", "assets/game/extra/units/f1_3rdgeneral/f1_3rdgeneral_attack_002.png", "assets/game/extra/units/f1_3rdgeneral/f1_3rdgeneral_attack_003.png", "assets/game/extra/units/f1_3rdgeneral/f1_3rdgeneral_attack_004.png", "assets/game/extra/units/f1_3rdgeneral/f1_3rdgeneral_attack_005.png", "assets/game/extra/units/f1_3rdgeneral/f1_3rdgeneral_attack_006.png", "assets/game/extra/units/f1_3rdgeneral/f1_3rdgeneral_attack_007.png", "assets/game/extra/units/f1_3rdgeneral/f1_3rdgeneral_attack_008.png", "assets/game/extra/units/f1_3rdgeneral/f1_3rdgeneral_attack_009.png", "assets/game/extra/units/f1_3rdgeneral/f1_3rdgeneral_attack_010.png", "assets/game/extra/units/f1_3rdgeneral/f1_3rdgeneral_attack_011.png", "assets/game/extra/units/f1_3rdgeneral/f1_3rdgeneral_attack_012.png", "assets/game/extra/units/f1_3rdgeneral/f1_3rdgeneral_attack_013.png", "assets/game/extra/units/f1_3rdgeneral/f1_3rdgeneral_attack_014.png", "assets/game/extra/units/f1_3rdgeneral/f1_3rdgeneral_attack_015.png", "assets/game/extra/units/f1_3rdgeneral/f1_3rdgeneral_attack_016.png", "assets/game/extra/units/f1_3rdgeneral/f1_3rdgeneral_attack_017.png", "assets/game/extra/units/f1_3rdgeneral/f1_3rdgeneral_attack_018.png", "assets/game/extra/units/f1_3rdgeneral/f1_3rdgeneral_attack_019.png", "assets/game/extra/units/f1_3rdgeneral/f1_3rdgeneral_attack_020.png", "assets/game/extra/units/f1_3rdgeneral/f1_3rdgeneral_attack_021.png", "assets/game/extra/units/f1_3rdgeneral/f1_3rdgeneral_attack_022.png", "assets/game/extra/units/f1_3rdgeneral/f1_3rdgeneral_attack_023.png", "assets/game/extra/units/f1_3rdgeneral/f1_3rdgeneral_attack_024.png", "assets/game/extra/units/f1_3rdgeneral/f1_3rdgeneral_attack_025.png", "assets/game/extra/units/f1_3rdgeneral/f1_3rdgeneral_attack_026.png", "assets/game/extra/units/f1_3rdgeneral/f1_3rdgeneral_attack_027.png", "assets/game/extra/units/f1_3rdgeneral/f1_3rdgeneral_attack_028.png", "assets/game/extra/units/f1_3rdgeneral/f1_3rdgeneral_attack_029.png", "assets/game/extra/units/f1_3rdgeneral/f1_3rdgeneral_attack_030.png", "assets/game/extra/units/f1_3rdgeneral/f1_3rdgeneral_attack_031.png", "assets/game/extra/units/f1_3rdgeneral/f1_3rdgeneral_run_000.png", "assets/game/extra/units/f1_3rdgeneral/f1_3rdgeneral_run_001.png", "assets/game/extra/units/f1_3rdgeneral/f1_3rdgeneral_run_002.png", "assets/game/extra/units/f1_3rdgeneral/f1_3rdgeneral_run_003.png", "assets/game/extra/units/f1_3rdgeneral/f1_3rdgeneral_run_004.png", "assets/game/extra/units/f1_3rdgeneral/f1_3rdgeneral_run_005.png", "assets/game/extra/units/f1_3rdgeneral/f1_3rdgeneral_run_006.png", "assets/game/extra/units/f1_3rdgeneral/f1_3rdgeneral_run_007.png", "assets/game/extra/units/f1_3rdgeneral/f1_3rdgeneral_run_008.png", "assets/game/extra/units/f1_3rdgeneral/f1_3rdgeneral_run_009.png", "assets/game/extra/units/f1_3rdgeneral/f1_3rdgeneral_castloop_000.png", "assets/game/extra/units/f1_3rdgeneral/f1_3rdgeneral_castloop_001.png", "assets/game/extra/units/f1_3rdgeneral/f1_3rdgeneral_castloop_002.png", "assets/game/extra/units/f1_3rdgeneral/f1_3rdgeneral_castloop_003.png", "assets/game/extra/units/f1_3rdgeneral/f1_3rdgeneral_hit_000.png", "assets/game/extra/units/f1_3rdgeneral/f1_3rdgeneral_hit_001.png", "assets/game/extra/units/f1_3rdgeneral/f1_3rdgeneral_hit_002.png" ],    "idle" : {      "frameStartEndIndices" : [ 0, 15 ],      "fps" : 8,      "loop" : true    },    "death" : {      "frameStartEndIndices" : [ 16, 27 ],      "fps" : 8,      "loop" : false    },    "attack" : {      "frameStartEndIndices" : [ 28, 59 ],      "fps" : 20,      "loop" : false    },    "move" : {      "frameStartEndIndices" : [ 60, 69 ],      "fps" : 8,      "loop" : true    },    "channel" : {      "frameStartEndIndices" : [ 70, 73 ],      "fps" : 8,      "loop" : true    },    "hit" : {      "frameStartEndIndices" : [ 74, 76 ],      "fps" : 8,      "loop" : false    }  },  "correction" : {    "imgWidth" : 130,    "imgHeight" : 130,	"scale": 1.0,    "offsetX": 0,    "offsetY": 0,    "spriteTopLeftX" : 15,    "spriteTopLeftY" : 70,    "reflected": false  }}