{  "id" : 0,  "animation" : "idle",  "position" : {    "xpos" : 0,    "ypos" : 0,    "tilex" : 0,    "tiley" : 0  },  "animations" : {    "allFrames" : [ "assets/game/extra/units/f1_azuritelion/f1_azuritelion_idle_000.png", "assets/game/extra/units/f1_azuritelion/f1_azuritelion_idle_001.png", "assets/game/extra/units/f1_azuritelion/f1_azuritelion_idle_002.png", "assets/game/extra/units/f1_azuritelion/f1_azuritelion_idle_003.png", "assets/game/extra/units/f1_azuritelion/f1_azuritelion_idle_004.png", "assets/game/extra/units/f1_azuritelion/f1_azuritelion_idle_005.png", "assets/game/extra/units/f1_azuritelion/f1_azuritelion_idle_006.png", "assets/game/extra/units/f1_azuritelion/f1_azuritelion_idle_007.png", "assets/game/extra/units/f1_azuritelion/f1_azuritelion_idle_008.png", "assets/game/extra/units/f1_azuritelion/f1_azuritelion_idle_009.png", "assets/game/extra/units/f1_azuritelion/f1_azuritelion_idle_010.png", "assets/game/extra/units/f1_azuritelion/f1_azuritelion_idle_011.png", "assets/game/extra/units/f1_azuritelion/f1_azuritelion_idle_012.png", "assets/game/extra/units/f1_azuritelion/f1_azuritelion_idle_013.png", "assets/game/extra/units/f1_azuritelion/f1_azuritelion_death_000.png", "assets/game/extra/units/f1_azuritelion/f1_azuritelion_death_001.png", "assets/game/extra/units/f1_azuritelion/f1_azuritelion_death_002.png", "assets/game/extra/units/f1_azuritelion/f1_azuritelion_death_003.png", "assets/game/extra/units/f1_azuritelion/f1_azuritelion_death_004.png", "assets/game/extra/units/f1_azuritelion/f1_azuritelion_death_005.png", "assets/game/extra/units/f1_azuritelion/f1_azuritelion_death_006.png", "assets/game/extra/units/f1_azuritelion/f1_azuritelion_death_007.png", "assets/game/extra/units/f1_azuritelion/f1_azuritelion_death_008.png", "assets/game/extra/units/f1_azuritelion/f1_azuritelion_death_009.png", "assets/game/extra/units/f1_azuritelion/f1_azuritelion_death_010.png", "assets/game/extra/units/f1_azuritelion/f1_azuritelion_death_011.png", "assets/game/extra/units/f1_azuritelion/f1_azuritelion_death_012.png", "assets/game/extra/units/f1_azuritelion/f1_azuritelion_death_013.png", "assets/game/extra/units/f1_azuritelion/f1_azuritelion_death_014.png", "assets/game/extra/units/f1_azuritelion/f1_azuritelion_death_015.png", "assets/game/extra/units/f1_azuritelion/f1_azuritelion_attack_000.png", "assets/game/extra/units/f1_azuritelion/f1_azuritelion_attack_001.png", "assets/game/extra/units/f1_azuritelion/f1_azuritelion_attack_002.png", "assets/game/extra/units/f1_azuritelion/f1_azuritelion_attack_003.png", "assets/game/extra/units/f1_azuritelion/f1_azuritelion_attack_004.png", "assets/game/extra/units/f1_azuritelion/f1_azuritelion_attack_005.png", "assets/game/extra/units/f1_azuritelion/f1_azuritelion_attack_006.png", "assets/game/extra/units/f1_azuritelion/f1_azuritelion_attack_007.png", "assets/game/extra/units/f1_azuritelion/f1_azuritelion_attack_008.png", "assets/game/extra/units/f1_azuritelion/f1_azuritelion_attack_009.png", "assets/game/extra/units/f1_azuritelion/f1_azuritelion_run_000.png", "assets/game/extra/units/f1_azuritelion/f1_azuritelion_run_001.png", "assets/game/extra/units/f1_azuritelion/f1_azuritelion_run_002.png", "assets/game/extra/units/f1_azuritelion/f1_azuritelion_run_003.png", "assets/game/extra/units/f1_azuritelion/f1_azuritelion_run_004.png", "assets/game/extra/units/f1_azuritelion/f1_azuritelion_run_005.png", "assets/game/extra/units/f1_azuritelion/f1_azuritelion_run_006.png", "assets/game/extra/units/f1_azuritelion/f1_azuritelion_run_007.png", "assets/game/extra/units/f1_azuritelion/f1_azuritelion_hit_000.png", "assets/game/extra/units/f1_azuritelion/f1_azuritelion_hit_001.png", "assets/game/extra/units/f1_azuritelion/f1_azuritelion_hit_002.png" ],    "idle" : {      "frameStartEndIndices" : [ 0, 13 ],      "fps" : 8,      "loop" : true    },    "death" : {      "frameStartEndIndices" : [ 14, 29 ],      "fps" : 8,      "loop" : false    },    "attack" : {      "frameStartEndIndices" : [ 30, 39 ],      "fps" : 8,      "loop" : false    },    "move" : {      "frameStartEndIndices" : [ 40, 47 ],      "fps" : 8,      "loop" : true    },    "channel" : {      "frameStartEndIndices" : [ 48, 47 ],      "fps" : 8,      "loop" : true    },    "hit" : {      "frameStartEndIndices" : [ 48, 50 ],      "fps" : 8,      "loop" : false    }  },  "correction" : {    "imgWidth" : 80,    "imgHeight" : 80,    "scale": 1.5,    "offsetX": 0,    "offsetY": 10,    "spriteTopLeftX" : 0,    "spriteTopLeftY" : 0,    "reflected" : false  }}