{  "id" : 0,  "animation" : "idle",  "position" : {    "xpos" : 0,    "ypos" : 0,    "tilex" : 0,    "tiley" : 0  },  "animations" : {    "allFrames" : [ "assets/game/extra/units/neutral_azureherald/neutral_azureherald_idle_000.png", "assets/game/extra/units/neutral_azureherald/neutral_azureherald_idle_001.png", "assets/game/extra/units/neutral_azureherald/neutral_azureherald_idle_002.png", "assets/game/extra/units/neutral_azureherald/neutral_azureherald_idle_003.png", "assets/game/extra/units/neutral_azureherald/neutral_azureherald_idle_004.png", "assets/game/extra/units/neutral_azureherald/neutral_azureherald_idle_005.png", "assets/game/extra/units/neutral_azureherald/neutral_azureherald_idle_006.png", "assets/game/extra/units/neutral_azureherald/neutral_azureherald_idle_007.png", "assets/game/extra/units/neutral_azureherald/neutral_azureherald_idle_008.png", "assets/game/extra/units/neutral_azureherald/neutral_azureherald_idle_009.png", "assets/game/extra/units/neutral_azureherald/neutral_azureherald_idle_010.png", "assets/game/extra/units/neutral_azureherald/neutral_azureherald_idle_011.png", "assets/game/extra/units/neutral_azureherald/neutral_azureherald_idle_012.png", "assets/game/extra/units/neutral_azureherald/neutral_azureherald_idle_013.png", "assets/game/extra/units/neutral_azureherald/neutral_azureherald_death_000.png", "assets/game/extra/units/neutral_azureherald/neutral_azureherald_death_001.png", "assets/game/extra/units/neutral_azureherald/neutral_azureherald_death_002.png", "assets/game/extra/units/neutral_azureherald/neutral_azureherald_death_003.png", "assets/game/extra/units/neutral_azureherald/neutral_azureherald_death_004.png", "assets/game/extra/units/neutral_azureherald/neutral_azureherald_death_005.png", "assets/game/extra/units/neutral_azureherald/neutral_azureherald_death_006.png", "assets/game/extra/units/neutral_azureherald/neutral_azureherald_death_007.png", "assets/game/extra/units/neutral_azureherald/neutral_azureherald_death_008.png", "assets/game/extra/units/neutral_azureherald/neutral_azureherald_death_009.png", "assets/game/extra/units/neutral_azureherald/neutral_azureherald_death_010.png", "assets/game/extra/units/neutral_azureherald/neutral_azureherald_death_011.png", "assets/game/extra/units/neutral_azureherald/neutral_azureherald_death_012.png", "assets/game/extra/units/neutral_azureherald/neutral_azureherald_death_013.png", "assets/game/extra/units/neutral_azureherald/neutral_azureherald_death_014.png", "assets/game/extra/units/neutral_azureherald/neutral_azureherald_death_015.png", "assets/game/extra/units/neutral_azureherald/neutral_azureherald_death_016.png", "assets/game/extra/units/neutral_azureherald/neutral_azureherald_death_017.png", "assets/game/extra/units/neutral_azureherald/neutral_azureherald_attack_000.png", "assets/game/extra/units/neutral_azureherald/neutral_azureherald_attack_001.png", "assets/game/extra/units/neutral_azureherald/neutral_azureherald_attack_002.png", "assets/game/extra/units/neutral_azureherald/neutral_azureherald_attack_003.png", "assets/game/extra/units/neutral_azureherald/neutral_azureherald_attack_004.png", "assets/game/extra/units/neutral_azureherald/neutral_azureherald_attack_005.png", "assets/game/extra/units/neutral_azureherald/neutral_azureherald_attack_006.png", "assets/game/extra/units/neutral_azureherald/neutral_azureherald_attack_007.png", "assets/game/extra/units/neutral_azureherald/neutral_azureherald_attack_008.png", "assets/game/extra/units/neutral_azureherald/neutral_azureherald_attack_009.png", "assets/game/extra/units/neutral_azureherald/neutral_azureherald_attack_010.png", "assets/game/extra/units/neutral_azureherald/neutral_azureherald_attack_011.png", "assets/game/extra/units/neutral_azureherald/neutral_azureherald_attack_012.png", "assets/game/extra/units/neutral_azureherald/neutral_azureherald_attack_013.png", "assets/game/extra/units/neutral_azureherald/neutral_azureherald_attack_014.png", "assets/game/extra/units/neutral_azureherald/neutral_azureherald_attack_015.png", "assets/game/extra/units/neutral_azureherald/neutral_azureherald_attack_016.png", "assets/game/extra/units/neutral_azureherald/neutral_azureherald_attack_017.png", "assets/game/extra/units/neutral_azureherald/neutral_azureherald_attack_018.png", "assets/game/extra/units/neutral_azureherald/neutral_azureherald_attack_019.png", "assets/game/extra/units/neutral_azureherald/neutral_azureherald_attack_020.png", "assets/game/extra/units/neutral_azureherald/neutral_azureherald_attack_021.png", "assets/game/extra/units/neutral_azureherald/neutral_azureherald_attack_022.png", "assets/game/extra/units/neutral_azureherald/neutral_azureherald_run_000.png", "assets/game/extra/units/neutral_azureherald/neutral_azureherald_run_001.png", "assets/game/extra/units/neutral_azureherald/neutral_azureherald_run_002.png", "assets/game/extra/units/neutral_azureherald/neutral_azureherald_run_003.png", "assets/game/extra/units/neutral_azureherald/neutral_azureherald_run_004.png", "assets/game/extra/units/neutral_azureherald/neutral_azureherald_run_005.png", "assets/game/extra/units/neutral_azureherald/neutral_azureherald_run_006.png", "assets/game/extra/units/neutral_azureherald/neutral_azureherald_run_007.png", "assets/game/extra/units/neutral_azureherald/neutral_azureherald_hit_000.png", "assets/game/extra/units/neutral_azureherald/neutral_azureherald_hit_001.png", "assets/game/extra/units/neutral_azureherald/neutral_azureherald_hit_002.png" ],    "idle" : {      "frameStartEndIndices" : [ 0, 13 ],      "fps" : 8,      "loop" : true    },    "death" : {      "frameStartEndIndices" : [ 14, 31 ],      "fps" : 8,      "loop" : false    },    "attack" : {      "frameStartEndIndices" : [ 32, 54 ],      "fps" : 8,      "loop" : false    },    "move" : {      "frameStartEndIndices" : [ 55, 62 ],      "fps" : 8,      "loop" : true    },    "channel" : {      "frameStartEndIndices" : [ 63, 62 ],      "fps" : 8,      "loop" : true    },    "hit" : {      "frameStartEndIndices" : [ 63, 65 ],      "fps" : 8,      "loop" : false    }  },  "correction" : {    "imgWidth" : 80,    "imgHeight" : 80,    "scale": 1.5,    "offsetX": 0,    "offsetY": 10,    "spriteTopLeftX" : 0,    "spriteTopLeftY" : 0,    "reflected" : false  }}