{  "id" : 0,  "animation" : "idle",  "position" : {    "xpos" : 0,    "ypos" : 0,    "tilex" : 0,    "tiley" : 0  },  "animations" : {    "allFrames" : [ "assets/game/extra/units/neutral_beastdarkharbinger/neutral_beastdarkharbinger_idle_000.png", "assets/game/extra/units/neutral_beastdarkharbinger/neutral_beastdarkharbinger_idle_001.png", "assets/game/extra/units/neutral_beastdarkharbinger/neutral_beastdarkharbinger_idle_002.png", "assets/game/extra/units/neutral_beastdarkharbinger/neutral_beastdarkharbinger_idle_003.png", "assets/game/extra/units/neutral_beastdarkharbinger/neutral_beastdarkharbinger_idle_004.png", "assets/game/extra/units/neutral_beastdarkharbinger/neutral_beastdarkharbinger_idle_005.png", "assets/game/extra/units/neutral_beastdarkharbinger/neutral_beastdarkharbinger_idle_006.png", "assets/game/extra/units/neutral_beastdarkharbinger/neutral_beastdarkharbinger_idle_007.png", "assets/game/extra/units/neutral_beastdarkharbinger/neutral_beastdarkharbinger_idle_008.png", "assets/game/extra/units/neutral_beastdarkharbinger/neutral_beastdarkharbinger_idle_009.png", "assets/game/extra/units/neutral_beastdarkharbinger/neutral_beastdarkharbinger_idle_010.png", "assets/game/extra/units/neutral_beastdarkharbinger/neutral_beastdarkharbinger_idle_011.png", "assets/game/extra/units/neutral_beastdarkharbinger/neutral_beastdarkharbinger_death_000.png", "assets/game/extra/units/neutral_beastdarkharbinger/neutral_beastdarkharbinger_death_001.png", "assets/game/extra/units/neutral_beastdarkharbinger/neutral_beastdarkharbinger_death_002.png", "assets/game/extra/units/neutral_beastdarkharbinger/neutral_beastdarkharbinger_death_003.png", "assets/game/extra/units/neutral_beastdarkharbinger/neutral_beastdarkharbinger_death_004.png", "assets/game/extra/units/neutral_beastdarkharbinger/neutral_beastdarkharbinger_death_005.png", "assets/game/extra/units/neutral_beastdarkharbinger/neutral_beastdarkharbinger_death_006.png", "assets/game/extra/units/neutral_beastdarkharbinger/neutral_beastdarkharbinger_death_007.png", "assets/game/extra/units/neutral_beastdarkharbinger/neutral_beastdarkharbinger_death_008.png", "assets/game/extra/units/neutral_beastdarkharbinger/neutral_beastdarkharbinger_death_009.png", "assets/game/extra/units/neutral_beastdarkharbinger/neutral_beastdarkharbinger_death_010.png", "assets/game/extra/units/neutral_beastdarkharbinger/neutral_beastdarkharbinger_attack_000.png", "assets/game/extra/units/neutral_beastdarkharbinger/neutral_beastdarkharbinger_attack_001.png", "assets/game/extra/units/neutral_beastdarkharbinger/neutral_beastdarkharbinger_attack_002.png", "assets/game/extra/units/neutral_beastdarkharbinger/neutral_beastdarkharbinger_attack_003.png", "assets/game/extra/units/neutral_beastdarkharbinger/neutral_beastdarkharbinger_attack_004.png", "assets/game/extra/units/neutral_beastdarkharbinger/neutral_beastdarkharbinger_attack_005.png", "assets/game/extra/units/neutral_beastdarkharbinger/neutral_beastdarkharbinger_attack_006.png", "assets/game/extra/units/neutral_beastdarkharbinger/neutral_beastdarkharbinger_attack_007.png", "assets/game/extra/units/neutral_beastdarkharbinger/neutral_beastdarkharbinger_attack_008.png", "assets/game/extra/units/neutral_beastdarkharbinger/neutral_beastdarkharbinger_attack_009.png", "assets/game/extra/units/neutral_beastdarkharbinger/neutral_beastdarkharbinger_attack_010.png", "assets/game/extra/units/neutral_beastdarkharbinger/neutral_beastdarkharbinger_run_000.png", "assets/game/extra/units/neutral_beastdarkharbinger/neutral_beastdarkharbinger_run_001.png", "assets/game/extra/units/neutral_beastdarkharbinger/neutral_beastdarkharbinger_run_002.png", "assets/game/extra/units/neutral_beastdarkharbinger/neutral_beastdarkharbinger_run_003.png", "assets/game/extra/units/neutral_beastdarkharbinger/neutral_beastdarkharbinger_run_004.png", "assets/game/extra/units/neutral_beastdarkharbinger/neutral_beastdarkharbinger_run_005.png", "assets/game/extra/units/neutral_beastdarkharbinger/neutral_beastdarkharbinger_run_006.png", "assets/game/extra/units/neutral_beastdarkharbinger/neutral_beastdarkharbinger_run_007.png", "assets/game/extra/units/neutral_beastdarkharbinger/neutral_beastdarkharbinger_hit_000.png", "assets/game/extra/units/neutral_beastdarkharbinger/neutral_beastdarkharbinger_hit_001.png", "assets/game/extra/units/neutral_beastdarkharbinger/neutral_beastdarkharbinger_hit_002.png" ],    "idle" : {      "frameStartEndIndices" : [ 0, 11 ],      "fps" : 8,      "loop" : true    },    "death" : {      "frameStartEndIndices" : [ 12, 22 ],      "fps" : 8,      "loop" : false    },    "attack" : {      "frameStartEndIndices" : [ 23, 33 ],      "fps" : 8,      "loop" : false    },    "move" : {      "frameStartEndIndices" : [ 34, 41 ],      "fps" : 8,      "loop" : true    },    "channel" : {      "frameStartEndIndices" : [ 42, 41 ],      "fps" : 8,      "loop" : true    },    "hit" : {      "frameStartEndIndices" : [ 42, 44 ],      "fps" : 8,      "loop" : false    }  },  "correction" : {    "imgWidth" : 80,    "imgHeight" : 80,    "scale": 1.5,    "offsetX": 0,    "offsetY": 10,    "spriteTopLeftX" : 0,    "spriteTopLeftY" : 0,    "reflected" : true  }}