{  "id" : 0,  "animation" : "idle",  "position" : {    "xpos" : 0,    "ypos" : 0,    "tilex" : 0,    "tiley" : 0  },  "animations" : {    "allFrames" : [ "assets/game/extra/units/neutral_arrowwhistler/neutral_arrowwhistler_idle_000.png", "assets/game/extra/units/neutral_arrowwhistler/neutral_arrowwhistler_idle_001.png", "assets/game/extra/units/neutral_arrowwhistler/neutral_arrowwhistler_idle_002.png", "assets/game/extra/units/neutral_arrowwhistler/neutral_arrowwhistler_idle_003.png", "assets/game/extra/units/neutral_arrowwhistler/neutral_arrowwhistler_idle_004.png", "assets/game/extra/units/neutral_arrowwhistler/neutral_arrowwhistler_idle_005.png", "assets/game/extra/units/neutral_arrowwhistler/neutral_arrowwhistler_idle_006.png", "assets/game/extra/units/neutral_arrowwhistler/neutral_arrowwhistler_idle_007.png", "assets/game/extra/units/neutral_arrowwhistler/neutral_arrowwhistler_idle_008.png", "assets/game/extra/units/neutral_arrowwhistler/neutral_arrowwhistler_idle_009.png", "assets/game/extra/units/neutral_arrowwhistler/neutral_arrowwhistler_idle_010.png", "assets/game/extra/units/neutral_arrowwhistler/neutral_arrowwhistler_idle_011.png", "assets/game/extra/units/neutral_arrowwhistler/neutral_arrowwhistler_idle_012.png", "assets/game/extra/units/neutral_arrowwhistler/neutral_arrowwhistler_idle_013.png", "assets/game/extra/units/neutral_arrowwhistler/neutral_arrowwhistler_idle_014.png", "assets/game/extra/units/neutral_arrowwhistler/neutral_arrowwhistler_idle_015.png", "assets/game/extra/units/neutral_arrowwhistler/neutral_arrowwhistler_idle_016.png", "assets/game/extra/units/neutral_arrowwhistler/neutral_arrowwhistler_idle_017.png", "assets/game/extra/units/neutral_arrowwhistler/neutral_arrowwhistler_death_000.png", "assets/game/extra/units/neutral_arrowwhistler/neutral_arrowwhistler_death_001.png", "assets/game/extra/units/neutral_arrowwhistler/neutral_arrowwhistler_death_002.png", "assets/game/extra/units/neutral_arrowwhistler/neutral_arrowwhistler_death_003.png", "assets/game/extra/units/neutral_arrowwhistler/neutral_arrowwhistler_death_004.png", "assets/game/extra/units/neutral_arrowwhistler/neutral_arrowwhistler_death_005.png", "assets/game/extra/units/neutral_arrowwhistler/neutral_arrowwhistler_death_006.png", "assets/game/extra/units/neutral_arrowwhistler/neutral_arrowwhistler_death_007.png", "assets/game/extra/units/neutral_arrowwhistler/neutral_arrowwhistler_death_008.png", "assets/game/extra/units/neutral_arrowwhistler/neutral_arrowwhistler_death_009.png", "assets/game/extra/units/neutral_arrowwhistler/neutral_arrowwhistler_death_010.png", "assets/game/extra/units/neutral_arrowwhistler/neutral_arrowwhistler_death_011.png", "assets/game/extra/units/neutral_arrowwhistler/neutral_arrowwhistler_death_012.png", "assets/game/extra/units/neutral_arrowwhistler/neutral_arrowwhistler_death_013.png", "assets/game/extra/units/neutral_arrowwhistler/neutral_arrowwhistler_death_014.png", "assets/game/extra/units/neutral_arrowwhistler/neutral_arrowwhistler_death_015.png", "assets/game/extra/units/neutral_arrowwhistler/neutral_arrowwhistler_death_016.png", "assets/game/extra/units/neutral_arrowwhistler/neutral_arrowwhistler_death_017.png", "assets/game/extra/units/neutral_arrowwhistler/neutral_arrowwhistler_death_018.png", "assets/game/extra/units/neutral_arrowwhistler/neutral_arrowwhistler_death_019.png", "assets/game/extra/units/neutral_arrowwhistler/neutral_arrowwhistler_attack_000.png", "assets/game/extra/units/neutral_arrowwhistler/neutral_arrowwhistler_attack_001.png", "assets/game/extra/units/neutral_arrowwhistler/neutral_arrowwhistler_attack_002.png", "assets/game/extra/units/neutral_arrowwhistler/neutral_arrowwhistler_attack_003.png", "assets/game/extra/units/neutral_arrowwhistler/neutral_arrowwhistler_attack_004.png", "assets/game/extra/units/neutral_arrowwhistler/neutral_arrowwhistler_attack_005.png", "assets/game/extra/units/neutral_arrowwhistler/neutral_arrowwhistler_attack_006.png", "assets/game/extra/units/neutral_arrowwhistler/neutral_arrowwhistler_attack_007.png", "assets/game/extra/units/neutral_arrowwhistler/neutral_arrowwhistler_attack_008.png", "assets/game/extra/units/neutral_arrowwhistler/neutral_arrowwhistler_attack_009.png", "assets/game/extra/units/neutral_arrowwhistler/neutral_arrowwhistler_attack_010.png", "assets/game/extra/units/neutral_arrowwhistler/neutral_arrowwhistler_attack_011.png", "assets/game/extra/units/neutral_arrowwhistler/neutral_arrowwhistler_attack_012.png", "assets/game/extra/units/neutral_arrowwhistler/neutral_arrowwhistler_attack_013.png", "assets/game/extra/units/neutral_arrowwhistler/neutral_arrowwhistler_attack_014.png", "assets/game/extra/units/neutral_arrowwhistler/neutral_arrowwhistler_attack_015.png", "assets/game/extra/units/neutral_arrowwhistler/neutral_arrowwhistler_attack_016.png", "assets/game/extra/units/neutral_arrowwhistler/neutral_arrowwhistler_attack_017.png", "assets/game/extra/units/neutral_arrowwhistler/neutral_arrowwhistler_attack_018.png", "assets/game/extra/units/neutral_arrowwhistler/neutral_arrowwhistler_attack_019.png", "assets/game/extra/units/neutral_arrowwhistler/neutral_arrowwhistler_attack_020.png", "assets/game/extra/units/neutral_arrowwhistler/neutral_arrowwhistler_attack_021.png", "assets/game/extra/units/neutral_arrowwhistler/neutral_arrowwhistler_attack_022.png", "assets/game/extra/units/neutral_arrowwhistler/neutral_arrowwhistler_attack_023.png", "assets/game/extra/units/neutral_arrowwhistler/neutral_arrowwhistler_attack_024.png", "assets/game/extra/units/neutral_arrowwhistler/neutral_arrowwhistler_attack_025.png", "assets/game/extra/units/neutral_arrowwhistler/neutral_arrowwhistler_attack_026.png", "assets/game/extra/units/neutral_arrowwhistler/neutral_arrowwhistler_attack_027.png", "assets/game/extra/units/neutral_arrowwhistler/neutral_arrowwhistler_attack_028.png", "assets/game/extra/units/neutral_arrowwhistler/neutral_arrowwhistler_attack_029.png", "assets/game/extra/units/neutral_arrowwhistler/neutral_arrowwhistler_attack_030.png", "assets/game/extra/units/neutral_arrowwhistler/neutral_arrowwhistler_run_000.png", "assets/game/extra/units/neutral_arrowwhistler/neutral_arrowwhistler_run_001.png", "assets/game/extra/units/neutral_arrowwhistler/neutral_arrowwhistler_run_002.png", "assets/game/extra/units/neutral_arrowwhistler/neutral_arrowwhistler_run_003.png", "assets/game/extra/units/neutral_arrowwhistler/neutral_arrowwhistler_run_004.png", "assets/game/extra/units/neutral_arrowwhistler/neutral_arrowwhistler_run_005.png", "assets/game/extra/units/neutral_arrowwhistler/neutral_arrowwhistler_run_006.png", "assets/game/extra/units/neutral_arrowwhistler/neutral_arrowwhistler_run_007.png", "assets/game/extra/units/neutral_arrowwhistler/neutral_arrowwhistler_hit_000.png", "assets/game/extra/units/neutral_arrowwhistler/neutral_arrowwhistler_hit_001.png", "assets/game/extra/units/neutral_arrowwhistler/neutral_arrowwhistler_hit_002.png" ],    "idle" : {      "frameStartEndIndices" : [ 0, 17 ],      "fps" : 8,      "loop" : true    },    "death" : {      "frameStartEndIndices" : [ 18, 37 ],      "fps" : 8,      "loop" : false    },    "attack" : {      "frameStartEndIndices" : [ 38, 68 ],      "fps" : 8,      "loop" : false    },    "move" : {      "frameStartEndIndices" : [ 69, 76 ],      "fps" : 8,      "loop" : true    },    "channel" : {      "frameStartEndIndices" : [ 77, 76 ],      "fps" : 8,      "loop" : true    },    "hit" : {      "frameStartEndIndices" : [ 77, 79 ],      "fps" : 8,      "loop" : false    }  },  "correction" : {    "imgWidth" : 80,    "imgHeight" : 80,    "scale": 1.5,    "offsetX": 0,    "offsetY": 10,    "spriteTopLeftX" : 0,    "spriteTopLeftY" : 0,    "reflected" : false  }}