{  "id" : 0,  "animation" : "idle",  "position" : {    "xpos" : 0,    "ypos" : 0,    "tilex" : 0,    "tiley" : 0  },  "animations" : {    "allFrames" : [ "assets/game/extra/units/neutral_golemice/neutral_golemice_idle_000.png", "assets/game/extra/units/neutral_golemice/neutral_golemice_idle_001.png", "assets/game/extra/units/neutral_golemice/neutral_golemice_idle_002.png", "assets/game/extra/units/neutral_golemice/neutral_golemice_idle_003.png", "assets/game/extra/units/neutral_golemice/neutral_golemice_idle_004.png", "assets/game/extra/units/neutral_golemice/neutral_golemice_idle_005.png", "assets/game/extra/units/neutral_golemice/neutral_golemice_idle_006.png", "assets/game/extra/units/neutral_golemice/neutral_golemice_idle_007.png", "assets/game/extra/units/neutral_golemice/neutral_golemice_idle_008.png", "assets/game/extra/units/neutral_golemice/neutral_golemice_idle_009.png", "assets/game/extra/units/neutral_golemice/neutral_golemice_idle_010.png", "assets/game/extra/units/neutral_golemice/neutral_golemice_idle_011.png", "assets/game/extra/units/neutral_golemice/neutral_golemice_idle_012.png", "assets/game/extra/units/neutral_golemice/neutral_golemice_death_000.png", "assets/game/extra/units/neutral_golemice/neutral_golemice_death_001.png", "assets/game/extra/units/neutral_golemice/neutral_golemice_death_002.png", "assets/game/extra/units/neutral_golemice/neutral_golemice_death_003.png", "assets/game/extra/units/neutral_golemice/neutral_golemice_death_004.png", "assets/game/extra/units/neutral_golemice/neutral_golemice_death_005.png", "assets/game/extra/units/neutral_golemice/neutral_golemice_death_006.png", "assets/game/extra/units/neutral_golemice/neutral_golemice_death_007.png", "assets/game/extra/units/neutral_golemice/neutral_golemice_death_008.png", "assets/game/extra/units/neutral_golemice/neutral_golemice_attack_000.png", "assets/game/extra/units/neutral_golemice/neutral_golemice_attack_001.png", "assets/game/extra/units/neutral_golemice/neutral_golemice_attack_002.png", "assets/game/extra/units/neutral_golemice/neutral_golemice_attack_003.png", "assets/game/extra/units/neutral_golemice/neutral_golemice_attack_004.png", "assets/game/extra/units/neutral_golemice/neutral_golemice_attack_005.png", "assets/game/extra/units/neutral_golemice/neutral_golemice_attack_006.png", "assets/game/extra/units/neutral_golemice/neutral_golemice_attack_007.png", "assets/game/extra/units/neutral_golemice/neutral_golemice_attack_008.png", "assets/game/extra/units/neutral_golemice/neutral_golemice_attack_009.png", "assets/game/extra/units/neutral_golemice/neutral_golemice_run_000.png", "assets/game/extra/units/neutral_golemice/neutral_golemice_run_001.png", "assets/game/extra/units/neutral_golemice/neutral_golemice_run_002.png", "assets/game/extra/units/neutral_golemice/neutral_golemice_run_003.png", "assets/game/extra/units/neutral_golemice/neutral_golemice_run_004.png", "assets/game/extra/units/neutral_golemice/neutral_golemice_run_005.png", "assets/game/extra/units/neutral_golemice/neutral_golemice_run_006.png", "assets/game/extra/units/neutral_golemice/neutral_golemice_run_007.png", "assets/game/extra/units/neutral_golemice/neutral_golemice_hit_000.png", "assets/game/extra/units/neutral_golemice/neutral_golemice_hit_001.png", "assets/game/extra/units/neutral_golemice/neutral_golemice_hit_002.png" ],    "idle" : {      "frameStartEndIndices" : [ 0, 12 ],      "fps" : 8,      "loop" : true    },    "death" : {      "frameStartEndIndices" : [ 13, 21 ],      "fps" : 8,      "loop" : false    },    "attack" : {      "frameStartEndIndices" : [ 22, 31 ],      "fps" : 8,      "loop" : false    },    "move" : {      "frameStartEndIndices" : [ 32, 39 ],      "fps" : 8,      "loop" : true    },    "channel" : {      "frameStartEndIndices" : [ 40, 39 ],      "fps" : 8,      "loop" : true    },    "hit" : {      "frameStartEndIndices" : [ 40, 42 ],      "fps" : 8,      "loop" : false    }  },  "correction" : {    "imgWidth" : 80,    "imgHeight" : 80,    "scale": 1.5,    "offsetX": 0,    "offsetY": 10,    "spriteTopLeftX" : 0,    "spriteTopLeftY" : 0,    "reflected" : true  }}