{  "id" : 0,  "animation" : "idle",  "position" : {    "xpos" : 0,    "ypos" : 0,    "tilex" : 0,    "tiley" : 0  },  "animations" : {    "allFrames" : [ "assets/game/extra/units/f1_ironcliffeguardian/f1_ironcliffeguardian_idle_000.png", "assets/game/extra/units/f1_ironcliffeguardian/f1_ironcliffeguardian_idle_001.png", "assets/game/extra/units/f1_ironcliffeguardian/f1_ironcliffeguardian_idle_002.png", "assets/game/extra/units/f1_ironcliffeguardian/f1_ironcliffeguardian_idle_003.png", "assets/game/extra/units/f1_ironcliffeguardian/f1_ironcliffeguardian_idle_004.png", "assets/game/extra/units/f1_ironcliffeguardian/f1_ironcliffeguardian_idle_005.png", "assets/game/extra/units/f1_ironcliffeguardian/f1_ironcliffeguardian_idle_006.png", "assets/game/extra/units/f1_ironcliffeguardian/f1_ironcliffeguardian_idle_007.png", "assets/game/extra/units/f1_ironcliffeguardian/f1_ironcliffeguardian_idle_008.png", "assets/game/extra/units/f1_ironcliffeguardian/f1_ironcliffeguardian_idle_009.png", "assets/game/extra/units/f1_ironcliffeguardian/f1_ironcliffeguardian_idle_010.png", "assets/game/extra/units/f1_ironcliffeguardian/f1_ironcliffeguardian_idle_011.png", "assets/game/extra/units/f1_ironcliffeguardian/f1_ironcliffeguardian_idle_012.png", "assets/game/extra/units/f1_ironcliffeguardian/f1_ironcliffeguardian_idle_013.png", "assets/game/extra/units/f1_ironcliffeguardian/f1_ironcliffeguardian_idle_014.png", "assets/game/extra/units/f1_ironcliffeguardian/f1_ironcliffeguardian_idle_015.png", "assets/game/extra/units/f1_ironcliffeguardian/f1_ironcliffeguardian_idle_016.png", "assets/game/extra/units/f1_ironcliffeguardian/f1_ironcliffeguardian_idle_017.png", "assets/game/extra/units/f1_ironcliffeguardian/f1_ironcliffeguardian_death_000.png", "assets/game/extra/units/f1_ironcliffeguardian/f1_ironcliffeguardian_death_001.png", "assets/game/extra/units/f1_ironcliffeguardian/f1_ironcliffeguardian_death_002.png", "assets/game/extra/units/f1_ironcliffeguardian/f1_ironcliffeguardian_death_003.png", "assets/game/extra/units/f1_ironcliffeguardian/f1_ironcliffeguardian_death_004.png", "assets/game/extra/units/f1_ironcliffeguardian/f1_ironcliffeguardian_death_005.png", "assets/game/extra/units/f1_ironcliffeguardian/f1_ironcliffeguardian_death_006.png", "assets/game/extra/units/f1_ironcliffeguardian/f1_ironcliffeguardian_death_007.png", "assets/game/extra/units/f1_ironcliffeguardian/f1_ironcliffeguardian_death_008.png", "assets/game/extra/units/f1_ironcliffeguardian/f1_ironcliffeguardian_attack_000.png", "assets/game/extra/units/f1_ironcliffeguardian/f1_ironcliffeguardian_attack_001.png", "assets/game/extra/units/f1_ironcliffeguardian/f1_ironcliffeguardian_attack_002.png", "assets/game/extra/units/f1_ironcliffeguardian/f1_ironcliffeguardian_attack_003.png", "assets/game/extra/units/f1_ironcliffeguardian/f1_ironcliffeguardian_attack_004.png", "assets/game/extra/units/f1_ironcliffeguardian/f1_ironcliffeguardian_attack_005.png", "assets/game/extra/units/f1_ironcliffeguardian/f1_ironcliffeguardian_attack_006.png", "assets/game/extra/units/f1_ironcliffeguardian/f1_ironcliffeguardian_attack_007.png", "assets/game/extra/units/f1_ironcliffeguardian/f1_ironcliffeguardian_attack_008.png", "assets/game/extra/units/f1_ironcliffeguardian/f1_ironcliffeguardian_attack_009.png", "assets/game/extra/units/f1_ironcliffeguardian/f1_ironcliffeguardian_attack_010.png", "assets/game/extra/units/f1_ironcliffeguardian/f1_ironcliffeguardian_attack_011.png", "assets/game/extra/units/f1_ironcliffeguardian/f1_ironcliffeguardian_attack_012.png", "assets/game/extra/units/f1_ironcliffeguardian/f1_ironcliffeguardian_attack_013.png", "assets/game/extra/units/f1_ironcliffeguardian/f1_ironcliffeguardian_attack_014.png", "assets/game/extra/units/f1_ironcliffeguardian/f1_ironcliffeguardian_attack_015.png", "assets/game/extra/units/f1_ironcliffeguardian/f1_ironcliffeguardian_attack_016.png", "assets/game/extra/units/f1_ironcliffeguardian/f1_ironcliffeguardian_attack_017.png", "assets/game/extra/units/f1_ironcliffeguardian/f1_ironcliffeguardian_run_000.png", "assets/game/extra/units/f1_ironcliffeguardian/f1_ironcliffeguardian_run_001.png", "assets/game/extra/units/f1_ironcliffeguardian/f1_ironcliffeguardian_run_002.png", "assets/game/extra/units/f1_ironcliffeguardian/f1_ironcliffeguardian_run_003.png", "assets/game/extra/units/f1_ironcliffeguardian/f1_ironcliffeguardian_run_004.png", "assets/game/extra/units/f1_ironcliffeguardian/f1_ironcliffeguardian_run_005.png", "assets/game/extra/units/f1_ironcliffeguardian/f1_ironcliffeguardian_run_006.png", "assets/game/extra/units/f1_ironcliffeguardian/f1_ironcliffeguardian_run_007.png", "assets/game/extra/units/f1_ironcliffeguardian/f1_ironcliffeguardian_hit_000.png", "assets/game/extra/units/f1_ironcliffeguardian/f1_ironcliffeguardian_hit_001.png", "assets/game/extra/units/f1_ironcliffeguardian/f1_ironcliffeguardian_hit_002.png" ],    "idle" : {      "frameStartEndIndices" : [ 0, 17 ],      "fps" : 8,      "loop" : true    },    "death" : {      "frameStartEndIndices" : [ 18, 26 ],      "fps" : 8,      "loop" : false    },    "attack" : {      "frameStartEndIndices" : [ 27, 44 ],      "fps" : 8,      "loop" : false    },    "move" : {      "frameStartEndIndices" : [ 45, 52 ],      "fps" : 8,      "loop" : true    },    "channel" : {      "frameStartEndIndices" : [ 53, 52 ],      "fps" : 8,      "loop" : true    },    "hit" : {      "frameStartEndIndices" : [ 53, 55 ],      "fps" : 8,      "loop" : false    }  },  "correction" : {    "imgWidth" : 80,    "imgHeight" : 80,    "scale": 1.5,    "offsetX": 0,    "offsetY": 10,    "spriteTopLeftX" : 0,    "spriteTopLeftY" : 0,    "reflected" : false  }}