{  "id" : 0,  "animation" : "idle",  "position" : {    "xpos" : 0,    "ypos" : 0,    "tilex" : 0,    "tiley" : 0  },  "animations" : {    "allFrames" : [ "assets/game/extra/units/neutral_beastphasehound/neutral_beastphasehound_idle_000.png", "assets/game/extra/units/neutral_beastphasehound/neutral_beastphasehound_idle_001.png", "assets/game/extra/units/neutral_beastphasehound/neutral_beastphasehound_idle_002.png", "assets/game/extra/units/neutral_beastphasehound/neutral_beastphasehound_idle_003.png", "assets/game/extra/units/neutral_beastphasehound/neutral_beastphasehound_idle_004.png", "assets/game/extra/units/neutral_beastphasehound/neutral_beastphasehound_idle_005.png", "assets/game/extra/units/neutral_beastphasehound/neutral_beastphasehound_idle_006.png", "assets/game/extra/units/neutral_beastphasehound/neutral_beastphasehound_idle_007.png", "assets/game/extra/units/neutral_beastphasehound/neutral_beastphasehound_idle_008.png", "assets/game/extra/units/neutral_beastphasehound/neutral_beastphasehound_idle_009.png", "assets/game/extra/units/neutral_beastphasehound/neutral_beastphasehound_death_000.png", "assets/game/extra/units/neutral_beastphasehound/neutral_beastphasehound_death_001.png", "assets/game/extra/units/neutral_beastphasehound/neutral_beastphasehound_death_002.png", "assets/game/extra/units/neutral_beastphasehound/neutral_beastphasehound_death_003.png", "assets/game/extra/units/neutral_beastphasehound/neutral_beastphasehound_death_004.png", "assets/game/extra/units/neutral_beastphasehound/neutral_beastphasehound_death_005.png", "assets/game/extra/units/neutral_beastphasehound/neutral_beastphasehound_death_006.png", "assets/game/extra/units/neutral_beastphasehound/neutral_beastphasehound_death_007.png", "assets/game/extra/units/neutral_beastphasehound/neutral_beastphasehound_attack_000.png", "assets/game/extra/units/neutral_beastphasehound/neutral_beastphasehound_attack_001.png", "assets/game/extra/units/neutral_beastphasehound/neutral_beastphasehound_attack_002.png", "assets/game/extra/units/neutral_beastphasehound/neutral_beastphasehound_attack_003.png", "assets/game/extra/units/neutral_beastphasehound/neutral_beastphasehound_attack_004.png", "assets/game/extra/units/neutral_beastphasehound/neutral_beastphasehound_attack_005.png", "assets/game/extra/units/neutral_beastphasehound/neutral_beastphasehound_attack_006.png", "assets/game/extra/units/neutral_beastphasehound/neutral_beastphasehound_attack_007.png", "assets/game/extra/units/neutral_beastphasehound/neutral_beastphasehound_attack_008.png", "assets/game/extra/units/neutral_beastphasehound/neutral_beastphasehound_attack_009.png", "assets/game/extra/units/neutral_beastphasehound/neutral_beastphasehound_attack_010.png", "assets/game/extra/units/neutral_beastphasehound/neutral_beastphasehound_attack_011.png", "assets/game/extra/units/neutral_beastphasehound/neutral_beastphasehound_attack_012.png", "assets/game/extra/units/neutral_beastphasehound/neutral_beastphasehound_run_000.png", "assets/game/extra/units/neutral_beastphasehound/neutral_beastphasehound_run_001.png", "assets/game/extra/units/neutral_beastphasehound/neutral_beastphasehound_run_002.png", "assets/game/extra/units/neutral_beastphasehound/neutral_beastphasehound_run_003.png", "assets/game/extra/units/neutral_beastphasehound/neutral_beastphasehound_run_004.png", "assets/game/extra/units/neutral_beastphasehound/neutral_beastphasehound_run_005.png", "assets/game/extra/units/neutral_beastphasehound/neutral_beastphasehound_run_006.png", "assets/game/extra/units/neutral_beastphasehound/neutral_beastphasehound_run_007.png", "assets/game/extra/units/neutral_beastphasehound/neutral_beastphasehound_hit_000.png", "assets/game/extra/units/neutral_beastphasehound/neutral_beastphasehound_hit_001.png", "assets/game/extra/units/neutral_beastphasehound/neutral_beastphasehound_hit_002.png" ],    "idle" : {      "frameStartEndIndices" : [ 0, 9 ],      "fps" : 8,      "loop" : true    },    "death" : {      "frameStartEndIndices" : [ 10, 17 ],      "fps" : 8,      "loop" : false    },    "attack" : {      "frameStartEndIndices" : [ 18, 30 ],      "fps" : 8,      "loop" : false    },    "move" : {      "frameStartEndIndices" : [ 31, 38 ],      "fps" : 8,      "loop" : true    },    "channel" : {      "frameStartEndIndices" : [ 39, 38 ],      "fps" : 8,      "loop" : true    },    "hit" : {      "frameStartEndIndices" : [ 39, 41 ],      "fps" : 8,      "loop" : false    }  },  "correction" : {    "imgWidth" : 80,    "imgHeight" : 80,    "scale": 1.5,    "offsetX": 0,    "offsetY": 10,    "spriteTopLeftX" : 0,    "spriteTopLeftY" : 0,    "reflected" : true  }}