{  "id" : 0,  "animation" : "idle",  "position" : {    "xpos" : 0,    "ypos" : 0,    "tilex" : 0,    "tiley" : 0  },  "animations" : {    "allFrames" : [ "assets/game/extra/units/f1_melee/f1_melee_idle_000.png", "assets/game/extra/units/f1_melee/f1_melee_idle_001.png", "assets/game/extra/units/f1_melee/f1_melee_idle_002.png", "assets/game/extra/units/f1_melee/f1_melee_idle_003.png", "assets/game/extra/units/f1_melee/f1_melee_idle_004.png", "assets/game/extra/units/f1_melee/f1_melee_idle_005.png", "assets/game/extra/units/f1_melee/f1_melee_idle_006.png", "assets/game/extra/units/f1_melee/f1_melee_idle_007.png", "assets/game/extra/units/f1_melee/f1_melee_death_000.png", "assets/game/extra/units/f1_melee/f1_melee_death_001.png", "assets/game/extra/units/f1_melee/f1_melee_death_002.png", "assets/game/extra/units/f1_melee/f1_melee_death_003.png", "assets/game/extra/units/f1_melee/f1_melee_death_004.png", "assets/game/extra/units/f1_melee/f1_melee_death_005.png", "assets/game/extra/units/f1_melee/f1_melee_death_006.png", "assets/game/extra/units/f1_melee/f1_melee_attack_000.png", "assets/game/extra/units/f1_melee/f1_melee_attack_001.png", "assets/game/extra/units/f1_melee/f1_melee_attack_002.png", "assets/game/extra/units/f1_melee/f1_melee_attack_003.png", "assets/game/extra/units/f1_melee/f1_melee_attack_004.png", "assets/game/extra/units/f1_melee/f1_melee_attack_005.png", "assets/game/extra/units/f1_melee/f1_melee_attack_006.png", "assets/game/extra/units/f1_melee/f1_melee_attack_007.png", "assets/game/extra/units/f1_melee/f1_melee_attack_008.png", "assets/game/extra/units/f1_melee/f1_melee_attack_009.png", "assets/game/extra/units/f1_melee/f1_melee_attack_010.png", "assets/game/extra/units/f1_melee/f1_melee_attack_011.png", "assets/game/extra/units/f1_melee/f1_melee_attack_012.png", "assets/game/extra/units/f1_melee/f1_melee_attack_013.png", "assets/game/extra/units/f1_melee/f1_melee_attack_014.png", "assets/game/extra/units/f1_melee/f1_melee_attack_015.png", "assets/game/extra/units/f1_melee/f1_melee_run_000.png", "assets/game/extra/units/f1_melee/f1_melee_run_001.png", "assets/game/extra/units/f1_melee/f1_melee_run_002.png", "assets/game/extra/units/f1_melee/f1_melee_run_003.png", "assets/game/extra/units/f1_melee/f1_melee_run_004.png", "assets/game/extra/units/f1_melee/f1_melee_run_005.png", "assets/game/extra/units/f1_melee/f1_melee_hit_000.png", "assets/game/extra/units/f1_melee/f1_melee_hit_001.png", "assets/game/extra/units/f1_melee/f1_melee_hit_002.png" ],    "idle" : {      "frameStartEndIndices" : [ 0, 7 ],      "fps" : 8,      "loop" : true    },    "death" : {      "frameStartEndIndices" : [ 8, 14 ],      "fps" : 8,      "loop" : false    },    "attack" : {      "frameStartEndIndices" : [ 15, 30 ],      "fps" : 8,      "loop" : false    },    "move" : {      "frameStartEndIndices" : [ 31, 36 ],      "fps" : 8,      "loop" : true    },    "channel" : {      "frameStartEndIndices" : [ 37, 36 ],      "fps" : 8,      "loop" : true    },    "hit" : {      "frameStartEndIndices" : [ 37, 39 ],      "fps" : 8,      "loop" : false    }  },  "correction" : {    "imgWidth" : 80,    "imgHeight" : 80,    "scale": 1.5,    "offsetX": 0,    "offsetY": 10,    "spriteTopLeftX" : 0,    "spriteTopLeftY" : 0,    "reflected" : false  }}