{  "id" : 0,  "animation" : "idle",  "position" : {    "xpos" : 0,    "ypos" : 0,    "tilex" : 0,    "tiley" : 0  },  "animations" : {    "allFrames" : [ "assets/game/extra/units/f3_pyromancer/f3_pyromancer_idle_000.png", "assets/game/extra/units/f3_pyromancer/f3_pyromancer_idle_001.png", "assets/game/extra/units/f3_pyromancer/f3_pyromancer_idle_002.png", "assets/game/extra/units/f3_pyromancer/f3_pyromancer_idle_003.png", "assets/game/extra/units/f3_pyromancer/f3_pyromancer_idle_004.png", "assets/game/extra/units/f3_pyromancer/f3_pyromancer_idle_005.png", "assets/game/extra/units/f3_pyromancer/f3_pyromancer_idle_006.png", "assets/game/extra/units/f3_pyromancer/f3_pyromancer_idle_007.png", "assets/game/extra/units/f3_pyromancer/f3_pyromancer_idle_008.png", "assets/game/extra/units/f3_pyromancer/f3_pyromancer_idle_009.png", "assets/game/extra/units/f3_pyromancer/f3_pyromancer_idle_010.png", "assets/game/extra/units/f3_pyromancer/f3_pyromancer_idle_011.png", "assets/game/extra/units/f3_pyromancer/f3_pyromancer_idle_012.png", "assets/game/extra/units/f3_pyromancer/f3_pyromancer_idle_013.png", "assets/game/extra/units/f3_pyromancer/f3_pyromancer_death_000.png", "assets/game/extra/units/f3_pyromancer/f3_pyromancer_death_001.png", "assets/game/extra/units/f3_pyromancer/f3_pyromancer_death_002.png", "assets/game/extra/units/f3_pyromancer/f3_pyromancer_death_003.png", "assets/game/extra/units/f3_pyromancer/f3_pyromancer_death_004.png", "assets/game/extra/units/f3_pyromancer/f3_pyromancer_death_005.png", "assets/game/extra/units/f3_pyromancer/f3_pyromancer_death_006.png", "assets/game/extra/units/f3_pyromancer/f3_pyromancer_death_007.png", "assets/game/extra/units/f3_pyromancer/f3_pyromancer_death_008.png", "assets/game/extra/units/f3_pyromancer/f3_pyromancer_death_009.png", "assets/game/extra/units/f3_pyromancer/f3_pyromancer_death_010.png", "assets/game/extra/units/f3_pyromancer/f3_pyromancer_death_011.png", "assets/game/extra/units/f3_pyromancer/f3_pyromancer_death_012.png", "assets/game/extra/units/f3_pyromancer/f3_pyromancer_attack_000.png", "assets/game/extra/units/f3_pyromancer/f3_pyromancer_attack_001.png", "assets/game/extra/units/f3_pyromancer/f3_pyromancer_attack_002.png", "assets/game/extra/units/f3_pyromancer/f3_pyromancer_attack_003.png", "assets/game/extra/units/f3_pyromancer/f3_pyromancer_attack_004.png", "assets/game/extra/units/f3_pyromancer/f3_pyromancer_attack_005.png", "assets/game/extra/units/f3_pyromancer/f3_pyromancer_attack_006.png", "assets/game/extra/units/f3_pyromancer/f3_pyromancer_attack_007.png", "assets/game/extra/units/f3_pyromancer/f3_pyromancer_attack_008.png", "assets/game/extra/units/f3_pyromancer/f3_pyromancer_attack_009.png", "assets/game/extra/units/f3_pyromancer/f3_pyromancer_attack_010.png", "assets/game/extra/units/f3_pyromancer/f3_pyromancer_attack_011.png", "assets/game/extra/units/f3_pyromancer/f3_pyromancer_run_000.png", "assets/game/extra/units/f3_pyromancer/f3_pyromancer_run_001.png", "assets/game/extra/units/f3_pyromancer/f3_pyromancer_run_002.png", "assets/game/extra/units/f3_pyromancer/f3_pyromancer_run_003.png", "assets/game/extra/units/f3_pyromancer/f3_pyromancer_run_004.png", "assets/game/extra/units/f3_pyromancer/f3_pyromancer_run_005.png", "assets/game/extra/units/f3_pyromancer/f3_pyromancer_run_006.png", "assets/game/extra/units/f3_pyromancer/f3_pyromancer_run_007.png", "assets/game/extra/units/f3_pyromancer/f3_pyromancer_hit_000.png", "assets/game/extra/units/f3_pyromancer/f3_pyromancer_hit_001.png", "assets/game/extra/units/f3_pyromancer/f3_pyromancer_hit_002.png" ],    "idle" : {      "frameStartEndIndices" : [ 0, 13 ],      "fps" : 8,      "loop" : true    },    "death" : {      "frameStartEndIndices" : [ 14, 26 ],      "fps" : 8,      "loop" : false    },    "attack" : {      "frameStartEndIndices" : [ 27, 38 ],      "fps" : 8,      "loop" : false    },    "move" : {      "frameStartEndIndices" : [ 39, 46 ],      "fps" : 8,      "loop" : true    },    "channel" : {      "frameStartEndIndices" : [ 47, 46 ],      "fps" : 8,      "loop" : true    },    "hit" : {      "frameStartEndIndices" : [ 47, 49 ],      "fps" : 8,      "loop" : false    }  },  "correction" : {    "imgWidth" : 80,    "imgHeight" : 80,    "scale": 1.5,    "offsetX": 0,    "offsetY": 10,    "spriteTopLeftX" : 0,    "spriteTopLeftY" : 0,    "reflected" : true  }}