{  "id" : 0,  "animation" : "idle",  "position" : {    "xpos" : 0,    "ypos" : 0,    "tilex" : 0,    "tiley" : 0  },  "animations" : {    "allFrames" : [ "assets/game/extra/units/neutral_zyx/neutral_zyx_idle_000.png", "assets/game/extra/units/neutral_zyx/neutral_zyx_idle_001.png", "assets/game/extra/units/neutral_zyx/neutral_zyx_idle_002.png", "assets/game/extra/units/neutral_zyx/neutral_zyx_idle_003.png", "assets/game/extra/units/neutral_zyx/neutral_zyx_idle_004.png", "assets/game/extra/units/neutral_zyx/neutral_zyx_idle_005.png", "assets/game/extra/units/neutral_zyx/neutral_zyx_idle_006.png", "assets/game/extra/units/neutral_zyx/neutral_zyx_idle_007.png", "assets/game/extra/units/neutral_zyx/neutral_zyx_idle_008.png", "assets/game/extra/units/neutral_zyx/neutral_zyx_idle_009.png", "assets/game/extra/units/neutral_zyx/neutral_zyx_idle_010.png", "assets/game/extra/units/neutral_zyx/neutral_zyx_idle_011.png", "assets/game/extra/units/neutral_zyx/neutral_zyx_idle_012.png", "assets/game/extra/units/neutral_zyx/neutral_zyx_idle_013.png", "assets/game/extra/units/neutral_zyx/neutral_zyx_idle_014.png", "assets/game/extra/units/neutral_zyx/neutral_zyx_death_000.png", "assets/game/extra/units/neutral_zyx/neutral_zyx_death_001.png", "assets/game/extra/units/neutral_zyx/neutral_zyx_death_002.png", "assets/game/extra/units/neutral_zyx/neutral_zyx_death_003.png", "assets/game/extra/units/neutral_zyx/neutral_zyx_death_004.png", "assets/game/extra/units/neutral_zyx/neutral_zyx_death_005.png", "assets/game/extra/units/neutral_zyx/neutral_zyx_death_006.png", "assets/game/extra/units/neutral_zyx/neutral_zyx_death_007.png", "assets/game/extra/units/neutral_zyx/neutral_zyx_death_008.png", "assets/game/extra/units/neutral_zyx/neutral_zyx_death_009.png", "assets/game/extra/units/neutral_zyx/neutral_zyx_death_010.png", "assets/game/extra/units/neutral_zyx/neutral_zyx_death_011.png", "assets/game/extra/units/neutral_zyx/neutral_zyx_death_012.png", "assets/game/extra/units/neutral_zyx/neutral_zyx_death_013.png", "assets/game/extra/units/neutral_zyx/neutral_zyx_death_014.png", "assets/game/extra/units/neutral_zyx/neutral_zyx_death_015.png", "assets/game/extra/units/neutral_zyx/neutral_zyx_death_016.png", "assets/game/extra/units/neutral_zyx/neutral_zyx_death_017.png", "assets/game/extra/units/neutral_zyx/neutral_zyx_attack_000.png", "assets/game/extra/units/neutral_zyx/neutral_zyx_attack_001.png", "assets/game/extra/units/neutral_zyx/neutral_zyx_attack_002.png", "assets/game/extra/units/neutral_zyx/neutral_zyx_attack_003.png", "assets/game/extra/units/neutral_zyx/neutral_zyx_attack_004.png", "assets/game/extra/units/neutral_zyx/neutral_zyx_attack_005.png", "assets/game/extra/units/neutral_zyx/neutral_zyx_attack_006.png", "assets/game/extra/units/neutral_zyx/neutral_zyx_attack_007.png", "assets/game/extra/units/neutral_zyx/neutral_zyx_attack_008.png", "assets/game/extra/units/neutral_zyx/neutral_zyx_attack_009.png", "assets/game/extra/units/neutral_zyx/neutral_zyx_attack_010.png", "assets/game/extra/units/neutral_zyx/neutral_zyx_attack_011.png", "assets/game/extra/units/neutral_zyx/neutral_zyx_attack_012.png", "assets/game/extra/units/neutral_zyx/neutral_zyx_attack_013.png", "assets/game/extra/units/neutral_zyx/neutral_zyx_attack_014.png", "assets/game/extra/units/neutral_zyx/neutral_zyx_attack_015.png", "assets/game/extra/units/neutral_zyx/neutral_zyx_attack_016.png", "assets/game/extra/units/neutral_zyx/neutral_zyx_attack_017.png", "assets/game/extra/units/neutral_zyx/neutral_zyx_attack_018.png", "assets/game/extra/units/neutral_zyx/neutral_zyx_attack_019.png", "assets/game/extra/units/neutral_zyx/neutral_zyx_attack_020.png", "assets/game/extra/units/neutral_zyx/neutral_zyx_attack_021.png", "assets/game/extra/units/neutral_zyx/neutral_zyx_attack_022.png", "assets/game/extra/units/neutral_zyx/neutral_zyx_attack_023.png", "assets/game/extra/units/neutral_zyx/neutral_zyx_attack_024.png", "assets/game/extra/units/neutral_zyx/neutral_zyx_attack_025.png", "assets/game/extra/units/neutral_zyx/neutral_zyx_attack_026.png", "assets/game/extra/units/neutral_zyx/neutral_zyx_attack_027.png", "assets/game/extra/units/neutral_zyx/neutral_zyx_attack_028.png", "assets/game/extra/units/neutral_zyx/neutral_zyx_attack_029.png", "assets/game/extra/units/neutral_zyx/neutral_zyx_attack_030.png", "assets/game/extra/units/neutral_zyx/neutral_zyx_attack_031.png", "assets/game/extra/units/neutral_zyx/neutral_zyx_attack_032.png", "assets/game/extra/units/neutral_zyx/neutral_zyx_attack_033.png", "assets/game/extra/units/neutral_zyx/neutral_zyx_attack_034.png", "assets/game/extra/units/neutral_zyx/neutral_zyx_attack_035.png", "assets/game/extra/units/neutral_zyx/neutral_zyx_attack_036.png", "assets/game/extra/units/neutral_zyx/neutral_zyx_attack_037.png", "assets/game/extra/units/neutral_zyx/neutral_zyx_attack_038.png", "assets/game/extra/units/neutral_zyx/neutral_zyx_run_000.png", "assets/game/extra/units/neutral_zyx/neutral_zyx_run_001.png", "assets/game/extra/units/neutral_zyx/neutral_zyx_run_002.png", "assets/game/extra/units/neutral_zyx/neutral_zyx_run_003.png", "assets/game/extra/units/neutral_zyx/neutral_zyx_run_004.png", "assets/game/extra/units/neutral_zyx/neutral_zyx_run_005.png", "assets/game/extra/units/neutral_zyx/neutral_zyx_run_006.png", "assets/game/extra/units/neutral_zyx/neutral_zyx_run_007.png", "assets/game/extra/units/neutral_zyx/neutral_zyx_hit_000.png", "assets/game/extra/units/neutral_zyx/neutral_zyx_hit_001.png", "assets/game/extra/units/neutral_zyx/neutral_zyx_hit_002.png" ],    "idle" : {      "frameStartEndIndices" : [ 0, 14 ],      "fps" : 8,      "loop" : true    },    "death" : {      "frameStartEndIndices" : [ 15, 32 ],      "fps" : 8,      "loop" : false    },    "attack" : {      "frameStartEndIndices" : [ 33, 71 ],      "fps" : 8,      "loop" : false    },    "move" : {      "frameStartEndIndices" : [ 72, 79 ],      "fps" : 8,      "loop" : true    },    "channel" : {      "frameStartEndIndices" : [ 80, 79 ],      "fps" : 8,      "loop" : true    },    "hit" : {      "frameStartEndIndices" : [ 80, 82 ],      "fps" : 8,      "loop" : false    }  },  "correction" : {    "imgWidth" : 80,    "imgHeight" : 80,    "scale": 1.5,    "offsetX": 10,    "offsetY": 10,    "spriteTopLeftX" : 0,    "spriteTopLeftY" : 0,    "reflected" : true  }}