{  "id" : 0,  "animation" : "idle",  "position" : {    "xpos" : 0,    "ypos" : 0,    "tilex" : 0,    "tiley" : 0  },  "animations" : {    "allFrames" : [ "assets/game/extra/units/neutral_serpenti/neutral_serpenti_idle_000.png", "assets/game/extra/units/neutral_serpenti/neutral_serpenti_idle_001.png", "assets/game/extra/units/neutral_serpenti/neutral_serpenti_idle_002.png", "assets/game/extra/units/neutral_serpenti/neutral_serpenti_idle_003.png", "assets/game/extra/units/neutral_serpenti/neutral_serpenti_idle_004.png", "assets/game/extra/units/neutral_serpenti/neutral_serpenti_idle_005.png", "assets/game/extra/units/neutral_serpenti/neutral_serpenti_idle_006.png", "assets/game/extra/units/neutral_serpenti/neutral_serpenti_idle_007.png", "assets/game/extra/units/neutral_serpenti/neutral_serpenti_idle_008.png", "assets/game/extra/units/neutral_serpenti/neutral_serpenti_idle_009.png", "assets/game/extra/units/neutral_serpenti/neutral_serpenti_idle_010.png", "assets/game/extra/units/neutral_serpenti/neutral_serpenti_idle_011.png", "assets/game/extra/units/neutral_serpenti/neutral_serpenti_idle_012.png", "assets/game/extra/units/neutral_serpenti/neutral_serpenti_idle_013.png", "assets/game/extra/units/neutral_serpenti/neutral_serpenti_idle_014.png", "assets/game/extra/units/neutral_serpenti/neutral_serpenti_idle_015.png", "assets/game/extra/units/neutral_serpenti/neutral_serpenti_idle_016.png", "assets/game/extra/units/neutral_serpenti/neutral_serpenti_death_000.png", "assets/game/extra/units/neutral_serpenti/neutral_serpenti_death_001.png", "assets/game/extra/units/neutral_serpenti/neutral_serpenti_death_002.png", "assets/game/extra/units/neutral_serpenti/neutral_serpenti_death_003.png", "assets/game/extra/units/neutral_serpenti/neutral_serpenti_death_004.png", "assets/game/extra/units/neutral_serpenti/neutral_serpenti_death_005.png", "assets/game/extra/units/neutral_serpenti/neutral_serpenti_death_006.png", "assets/game/extra/units/neutral_serpenti/neutral_serpenti_death_007.png", "assets/game/extra/units/neutral_serpenti/neutral_serpenti_death_008.png", "assets/game/extra/units/neutral_serpenti/neutral_serpenti_death_009.png", "assets/game/extra/units/neutral_serpenti/neutral_serpenti_death_010.png", "assets/game/extra/units/neutral_serpenti/neutral_serpenti_death_011.png", "assets/game/extra/units/neutral_serpenti/neutral_serpenti_death_012.png", "assets/game/extra/units/neutral_serpenti/neutral_serpenti_death_013.png", "assets/game/extra/units/neutral_serpenti/neutral_serpenti_death_014.png", "assets/game/extra/units/neutral_serpenti/neutral_serpenti_death_015.png", "assets/game/extra/units/neutral_serpenti/neutral_serpenti_attack_000.png", "assets/game/extra/units/neutral_serpenti/neutral_serpenti_attack_001.png", "assets/game/extra/units/neutral_serpenti/neutral_serpenti_attack_002.png", "assets/game/extra/units/neutral_serpenti/neutral_serpenti_attack_003.png", "assets/game/extra/units/neutral_serpenti/neutral_serpenti_attack_004.png", "assets/game/extra/units/neutral_serpenti/neutral_serpenti_attack_005.png", "assets/game/extra/units/neutral_serpenti/neutral_serpenti_attack_006.png", "assets/game/extra/units/neutral_serpenti/neutral_serpenti_attack_007.png", "assets/game/extra/units/neutral_serpenti/neutral_serpenti_attack_008.png", "assets/game/extra/units/neutral_serpenti/neutral_serpenti_attack_009.png", "assets/game/extra/units/neutral_serpenti/neutral_serpenti_attack_010.png", "assets/game/extra/units/neutral_serpenti/neutral_serpenti_attack_011.png", "assets/game/extra/units/neutral_serpenti/neutral_serpenti_attack_012.png", "assets/game/extra/units/neutral_serpenti/neutral_serpenti_attack_013.png", "assets/game/extra/units/neutral_serpenti/neutral_serpenti_attack_014.png", "assets/game/extra/units/neutral_serpenti/neutral_serpenti_attack_015.png", "assets/game/extra/units/neutral_serpenti/neutral_serpenti_attack_016.png", "assets/game/extra/units/neutral_serpenti/neutral_serpenti_attack_017.png", "assets/game/extra/units/neutral_serpenti/neutral_serpenti_attack_018.png", "assets/game/extra/units/neutral_serpenti/neutral_serpenti_run_000.png", "assets/game/extra/units/neutral_serpenti/neutral_serpenti_run_001.png", "assets/game/extra/units/neutral_serpenti/neutral_serpenti_run_002.png", "assets/game/extra/units/neutral_serpenti/neutral_serpenti_run_003.png", "assets/game/extra/units/neutral_serpenti/neutral_serpenti_run_004.png", "assets/game/extra/units/neutral_serpenti/neutral_serpenti_run_005.png", "assets/game/extra/units/neutral_serpenti/neutral_serpenti_run_006.png", "assets/game/extra/units/neutral_serpenti/neutral_serpenti_run_007.png", "assets/game/extra/units/neutral_serpenti/neutral_serpenti_hit_000.png", "assets/game/extra/units/neutral_serpenti/neutral_serpenti_hit_001.png", "assets/game/extra/units/neutral_serpenti/neutral_serpenti_hit_002.png" ],    "idle" : {      "frameStartEndIndices" : [ 0, 16 ],      "fps" : 8,      "loop" : true    },    "death" : {      "frameStartEndIndices" : [ 17, 32 ],      "fps" : 8,      "loop" : false    },    "attack" : {      "frameStartEndIndices" : [ 33, 51 ],      "fps" : 8,      "loop" : false    },    "move" : {      "frameStartEndIndices" : [ 52, 59 ],      "fps" : 8,      "loop" : true    },    "channel" : {      "frameStartEndIndices" : [ 60, 59 ],      "fps" : 8,      "loop" : true    },    "hit" : {      "frameStartEndIndices" : [ 60, 62 ],      "fps" : 8,      "loop" : false    }  },  "correction" : {    "imgWidth" : 80,    "imgHeight" : 80,    "scale": 1.5,    "offsetX": 0,    "offsetY": 10,    "spriteTopLeftX" : 0,    "spriteTopLeftY" : 0,    "reflected" : true  }}