{  "id" : 0,  "animation" : "idle",  "position" : {    "xpos" : 0,    "ypos" : 0,    "tilex" : 0,    "tiley" : 0  },  "animations" : {    "allFrames" : [ "assets/game/extra/units/f1_tank/f1_tank_idle_000.png", "assets/game/extra/units/f1_tank/f1_tank_idle_001.png", "assets/game/extra/units/f1_tank/f1_tank_idle_002.png", "assets/game/extra/units/f1_tank/f1_tank_idle_003.png", "assets/game/extra/units/f1_tank/f1_tank_idle_004.png", "assets/game/extra/units/f1_tank/f1_tank_idle_005.png", "assets/game/extra/units/f1_tank/f1_tank_idle_006.png", "assets/game/extra/units/f1_tank/f1_tank_idle_007.png", "assets/game/extra/units/f1_tank/f1_tank_idle_008.png", "assets/game/extra/units/f1_tank/f1_tank_idle_009.png", "assets/game/extra/units/f1_tank/f1_tank_idle_010.png", "assets/game/extra/units/f1_tank/f1_tank_death_000.png", "assets/game/extra/units/f1_tank/f1_tank_death_001.png", "assets/game/extra/units/f1_tank/f1_tank_death_002.png", "assets/game/extra/units/f1_tank/f1_tank_death_003.png", "assets/game/extra/units/f1_tank/f1_tank_death_004.png", "assets/game/extra/units/f1_tank/f1_tank_death_005.png", "assets/game/extra/units/f1_tank/f1_tank_death_006.png", "assets/game/extra/units/f1_tank/f1_tank_death_007.png", "assets/game/extra/units/f1_tank/f1_tank_death_008.png", "assets/game/extra/units/f1_tank/f1_tank_death_009.png", "assets/game/extra/units/f1_tank/f1_tank_death_010.png", "assets/game/extra/units/f1_tank/f1_tank_death_011.png", "assets/game/extra/units/f1_tank/f1_tank_attack_000.png", "assets/game/extra/units/f1_tank/f1_tank_attack_001.png", "assets/game/extra/units/f1_tank/f1_tank_attack_002.png", "assets/game/extra/units/f1_tank/f1_tank_attack_003.png", "assets/game/extra/units/f1_tank/f1_tank_attack_004.png", "assets/game/extra/units/f1_tank/f1_tank_attack_005.png", "assets/game/extra/units/f1_tank/f1_tank_attack_006.png", "assets/game/extra/units/f1_tank/f1_tank_attack_007.png", "assets/game/extra/units/f1_tank/f1_tank_attack_008.png", "assets/game/extra/units/f1_tank/f1_tank_attack_009.png", "assets/game/extra/units/f1_tank/f1_tank_attack_010.png", "assets/game/extra/units/f1_tank/f1_tank_attack_011.png", "assets/game/extra/units/f1_tank/f1_tank_attack_012.png", "assets/game/extra/units/f1_tank/f1_tank_attack_013.png", "assets/game/extra/units/f1_tank/f1_tank_attack_014.png", "assets/game/extra/units/f1_tank/f1_tank_attack_015.png", "assets/game/extra/units/f1_tank/f1_tank_attack_016.png", "assets/game/extra/units/f1_tank/f1_tank_attack_017.png", "assets/game/extra/units/f1_tank/f1_tank_attack_018.png", "assets/game/extra/units/f1_tank/f1_tank_run_000.png", "assets/game/extra/units/f1_tank/f1_tank_run_001.png", "assets/game/extra/units/f1_tank/f1_tank_run_002.png", "assets/game/extra/units/f1_tank/f1_tank_run_003.png", "assets/game/extra/units/f1_tank/f1_tank_run_004.png", "assets/game/extra/units/f1_tank/f1_tank_run_005.png", "assets/game/extra/units/f1_tank/f1_tank_run_006.png", "assets/game/extra/units/f1_tank/f1_tank_run_007.png", "assets/game/extra/units/f1_tank/f1_tank_hit_000.png", "assets/game/extra/units/f1_tank/f1_tank_hit_001.png", "assets/game/extra/units/f1_tank/f1_tank_hit_002.png", "assets/game/extra/units/f1_tank/f1_tank_hit_003.png", "assets/game/extra/units/f1_tank/f1_tank_hit_004.png" ],    "idle" : {      "frameStartEndIndices" : [ 0, 10 ],      "fps" : 8,      "loop" : true    },    "death" : {      "frameStartEndIndices" : [ 11, 22 ],      "fps" : 8,      "loop" : false    },    "attack" : {      "frameStartEndIndices" : [ 23, 41 ],      "fps" : 8,      "loop" : false    },    "move" : {      "frameStartEndIndices" : [ 42, 49 ],      "fps" : 8,      "loop" : true    },    "channel" : {      "frameStartEndIndices" : [ 50, 49 ],      "fps" : 8,      "loop" : true    },    "hit" : {      "frameStartEndIndices" : [ 50, 54 ],      "fps" : 8,      "loop" : false    }  },  "correction" : {    "imgWidth" : 80,    "imgHeight" : 80,    "scale": 1.5,    "offsetX": 0,    "offsetY": 10,    "spriteTopLeftX" : 0,    "spriteTopLeftY" : 0,    "reflected" : false  }}