{  "id" : 0,  "animation" : "idle",  "position" : {    "xpos" : 0,    "ypos" : 0,    "tilex" : 0,    "tiley" : 0  },  "animations" : {    "allFrames" : [ "assets/game/extra/units/f3_windshriek/f3_windshriek_idle_000.png", "assets/game/extra/units/f3_windshriek/f3_windshriek_idle_001.png", "assets/game/extra/units/f3_windshriek/f3_windshriek_idle_002.png", "assets/game/extra/units/f3_windshriek/f3_windshriek_idle_003.png", "assets/game/extra/units/f3_windshriek/f3_windshriek_idle_004.png", "assets/game/extra/units/f3_windshriek/f3_windshriek_idle_005.png", "assets/game/extra/units/f3_windshriek/f3_windshriek_idle_006.png", "assets/game/extra/units/f3_windshriek/f3_windshriek_idle_007.png", "assets/game/extra/units/f3_windshriek/f3_windshriek_idle_008.png", "assets/game/extra/units/f3_windshriek/f3_windshriek_idle_009.png", "assets/game/extra/units/f3_windshriek/f3_windshriek_idle_010.png", "assets/game/extra/units/f3_windshriek/f3_windshriek_idle_011.png", "assets/game/extra/units/f3_windshriek/f3_windshriek_idle_012.png", "assets/game/extra/units/f3_windshriek/f3_windshriek_idle_013.png", "assets/game/extra/units/f3_windshriek/f3_windshriek_idle_014.png", "assets/game/extra/units/f3_windshriek/f3_windshriek_idle_015.png", "assets/game/extra/units/f3_windshriek/f3_windshriek_death_000.png", "assets/game/extra/units/f3_windshriek/f3_windshriek_death_001.png", "assets/game/extra/units/f3_windshriek/f3_windshriek_death_002.png", "assets/game/extra/units/f3_windshriek/f3_windshriek_death_003.png", "assets/game/extra/units/f3_windshriek/f3_windshriek_death_004.png", "assets/game/extra/units/f3_windshriek/f3_windshriek_death_005.png", "assets/game/extra/units/f3_windshriek/f3_windshriek_death_006.png", "assets/game/extra/units/f3_windshriek/f3_windshriek_death_007.png", "assets/game/extra/units/f3_windshriek/f3_windshriek_death_008.png", "assets/game/extra/units/f3_windshriek/f3_windshriek_death_009.png", "assets/game/extra/units/f3_windshriek/f3_windshriek_death_010.png", "assets/game/extra/units/f3_windshriek/f3_windshriek_death_011.png", "assets/game/extra/units/f3_windshriek/f3_windshriek_death_012.png", "assets/game/extra/units/f3_windshriek/f3_windshriek_death_013.png", "assets/game/extra/units/f3_windshriek/f3_windshriek_death_014.png", "assets/game/extra/units/f3_windshriek/f3_windshriek_death_015.png", "assets/game/extra/units/f3_windshriek/f3_windshriek_death_016.png", "assets/game/extra/units/f3_windshriek/f3_windshriek_attack_000.png", "assets/game/extra/units/f3_windshriek/f3_windshriek_attack_001.png", "assets/game/extra/units/f3_windshriek/f3_windshriek_attack_002.png", "assets/game/extra/units/f3_windshriek/f3_windshriek_attack_003.png", "assets/game/extra/units/f3_windshriek/f3_windshriek_attack_004.png", "assets/game/extra/units/f3_windshriek/f3_windshriek_attack_005.png", "assets/game/extra/units/f3_windshriek/f3_windshriek_attack_006.png", "assets/game/extra/units/f3_windshriek/f3_windshriek_attack_007.png", "assets/game/extra/units/f3_windshriek/f3_windshriek_attack_008.png", "assets/game/extra/units/f3_windshriek/f3_windshriek_attack_009.png", "assets/game/extra/units/f3_windshriek/f3_windshriek_attack_010.png", "assets/game/extra/units/f3_windshriek/f3_windshriek_attack_011.png", "assets/game/extra/units/f3_windshriek/f3_windshriek_attack_012.png", "assets/game/extra/units/f3_windshriek/f3_windshriek_attack_013.png", "assets/game/extra/units/f3_windshriek/f3_windshriek_run_000.png", "assets/game/extra/units/f3_windshriek/f3_windshriek_run_001.png", "assets/game/extra/units/f3_windshriek/f3_windshriek_run_002.png", "assets/game/extra/units/f3_windshriek/f3_windshriek_run_003.png", "assets/game/extra/units/f3_windshriek/f3_windshriek_run_004.png", "assets/game/extra/units/f3_windshriek/f3_windshriek_run_005.png", "assets/game/extra/units/f3_windshriek/f3_windshriek_run_006.png", "assets/game/extra/units/f3_windshriek/f3_windshriek_run_007.png", "assets/game/extra/units/f3_windshriek/f3_windshriek_hit_000.png", "assets/game/extra/units/f3_windshriek/f3_windshriek_hit_001.png", "assets/game/extra/units/f3_windshriek/f3_windshriek_hit_002.png" ],    "idle" : {      "frameStartEndIndices" : [ 0, 15 ],      "fps" : 8,      "loop" : true    },    "death" : {      "frameStartEndIndices" : [ 16, 32 ],      "fps" : 8,      "loop" : false    },    "attack" : {      "frameStartEndIndices" : [ 33, 46 ],      "fps" : 8,      "loop" : false    },    "move" : {      "frameStartEndIndices" : [ 47, 54 ],      "fps" : 8,      "loop" : true    },    "channel" : {      "frameStartEndIndices" : [ 55, 54 ],      "fps" : 8,      "loop" : true    },    "hit" : {      "frameStartEndIndices" : [ 55, 57 ],      "fps" : 8,      "loop" : false    }  },  "correction" : {    "imgWidth" : 80,    "imgHeight" : 80,    "scale": 1.5,    "offsetX": 0,    "offsetY": 10,    "spriteTopLeftX" : 0,    "spriteTopLeftY" : 0,    "reflected" : true  }}